tweet,sentiment
bangalore airport lounge credit card access good combination 2,Positive
blrairport 080 lounge bangalore airport fantastic nice food great ambiance,Positive
used bangalore airport excellent experience took 10 minutes entry crossing security gates spent 1 hour airport lounge,Positive
also found bangalore airport t1 lounge mataji houseplants smiling glee gave,Positive
visual played international lounge bangalore airport support kannada pride,Positive
apparently need swipe two cards want lounge access gt 3 hrs departure bangalore airport,Positive
even premium lounge fully jam packed terminal 1 bangalore airport much exclusivity please open 4 5 lounges airport ya,Positive
free cocktails bangalore airport lounge going carry onto plane,Positive
see new bangalore airport feasible hanging gardens wall plants mixed art delhi good shity lounge,Positive
could please tell details mastercard dragon pass cards acceptance bangalore airport lounges,Positive
best part bangalore airport domestic lounge rs 2 u decent breakfast domestic lounge,Positive
reminds time got period bangalore airport even washroom fancy lounge provision pads men got periods would surely pads every public washroom daily reminder live male world,Positive
cheers international lounge bangalore airport dashing back minnesota via paris 1 20 flight,Positive
safiranand today bangalore airport domestic got premium lounge operated dreamfolks saw difference time footfall lounge increased several times indicates business turn around expansion airports possible,Positive
reddy_aria bangalore airport love especially lounge,Positive
best lounge bangalore airport,Positive
credofly used like adani t2 late quality food deteriorated earlier gvk quality amazing recently tried lounge new bangalore airport simply superb,Positive
wonderful experience 080 lounge bangalore airport nice food accessed via priority pass got magnus,Positive
international lounge bangalore airport top class food service staff good visit place bangalore airport,Positive
visited best lounge bangalore airport 080 t1 since large group ended using priority passes axis hdfc amp amex platinum great experience usual 080 felt bit relieved peeked neighbouring lounge crowd,Positive
sitting lounge bangalore airport 80 people coughing one even cares cover mouth even go pickup food buffet,Positive
blrdomesticlounge good experience domestic lounge facility bangalore airport met akhil ps whose service commendable,Positive
spent one hour bangalore airport lounge nice place crowded food good staff courteous well behaved blrairport,Positive
love bangalore airport lounge comfortable food good blrairport,Positive
airports premium lounges already banks spending money give access favor instead paying banks hoping get free access pay example 1800 rs bangalore airport,Positive
bangalore airport lounge best domestic lounge vibe food,Positive
bangalore airport lounge food gt mumbai gt chennai,Positive
best singapore one class apart bangalore airport plaza premium lounge beats food,Positive
happy announce digiyatra security check 080 lounge bangalore airport continue honeymoon phase hardly queues wonder long last,Positive
domestic lounge excellent lounge bangalore airport t1 amazing buffet live stations stir fry adai great service lots space eat relax sparkling restrooms kudos mr pratyush staff thank making travels india enjoyable,Positive
hey 1 terminal added bangalore airport need extend lounge facility acess terminal imagine card boasting lounge access use terminal place 5 months get incorporated,Positive
blrairport clean nice lounge bangalore airport staff pro food delicious,Positive
khana kam karo sir ji bangalore airport ke lounge kya kuchh nahin thush rahe aap kidding wanted say saw lounge resting,Positive
bangalore airport lounge food even 2 worth,Positive
rbl bank bangalore airport terminal 2 able access lounge rbl credit card super card called customer support able help please solve problem customer giving membership experience like,Positive
amazing facilities 080 lounge terminal 1 bangalore airport loved reading section food great blrairport 080domesticloungeterminal1,Positive
told idfc millenia credit card holders entitled free entry airport lounges however bangalore airport officials denied card,Positive
mumbai airport authorities need learn following bangalore airport 1 ola uber facilities chaos seen mumbai every day 2 premium lounge facilities much better innovative 3 queues entry better managed aviation,Positive
mother stranded bangalore airport checkin amp security flight cancelled 1 hr departure need help access lounge get food facilities airport next flight could arrange 8 hrs,Positive
observed phone banking representative contacted assist personally would like inform bangalore airport terminal 2 available list acceptable lounges request visit link view list lounges accepted,Positive
amexindia lounge platinum card holders bangalore airport terminal 2 amazing service super premium card deserve banned rbi,Positive
080 lounge terminal 2 bangalore airport fantastic uthappam prepared great guy,Positive
bangalore airport lounge miss opportunity meet,Positive
saw anurag kashyap bangalore airport lounge let see sitting next flight lol,Positive
first time bangalore airport t2 appealing feel pretty small number lines security checks seem less 080 lounge felt small really hope planned keeping future scale mind immediate stop gap,Positive
niyosupport please let know debit amp credit card issued amp sbm works 080 lounge bangalore airport,Positive
please list axis cards debit amp credit works 080 lounge bangalore airport,Positive
Hotel Golden Evana provides hotel close Bangalore airport 20 minutes drive corporate travelers finding convenient time saving,Positive
Red Key budget friendly 2 star hotel Bangalore Near Airport well decorated property boasts warm hospitality modern amenities,Positive
Taj Bangalore mere walk away Kempe Gowda International Airport 154 key luxury hotel offering unmatched metropolitan hospitality,Positive
